"hospital_address","hospital_id","hospital_name","rating","user_ratings_total","hospital_latitude","hospital_longitude","city"
"100 Hospital Rd, Otahuhu, Auckland 2025, New Zealand","d45b1ed4d3812d789860e32d9dafe17b55af1ac4","Middlemore Hospital",2.9,197,-36.9635865,174.8417098,"Auckland"
"2 Park Rd, Grafton, Auckland 1023, New Zealand","9a072bd8f166c488941e3e64a8ca365eb974c5ea","Auckland Hospital",4,249,-36.8599009,174.7699005,"Auckland"
"124 Shakespeare Rd, Takapuna, Auckland 0620, New Zealand","8d4514d35725535d84292b82c7e17c4f7629e46b","North Shore Hospital",3.4,182,-36.7811728,174.757391,"Auckland"
"214 Green Ln W, Epsom, Auckland 1051, New Zealand","53332f5498eb9e5a9d7675711ec4277adb1bfb2a","Greenlane Clinical Centre",3.4,109,-36.894527,174.7797492,"Auckland"
"55-75 Lincoln Rd, Henderson, Auckland 0610, New Zealand","116d828ef5aace28919d0a831034914e284ff4b0","Waitakere Hospital",3.7,103,-36.8697191,174.6296303,"Auckland"
"98 Mountain Rd, Epsom, Auckland 1023, New Zealand","611ddfbbc4049014df64392f238224245eeea148","MercyAscot Epsom, Mercy Hospital",4.1,36,-36.8733367,174.7699663,"Auckland"
"100 Hospital Rd, Middlemore Hospital, Auckland 2025, New Zealand","21d0021e4bc6e87ec58cbe7844417a15d82cf6d7","Kidz First, Middlemore Hospital",3,8,-36.9626356,174.8395088,"Auckland"
"125 Ormiston Rd, Flat Bush, Auckland 2016, New Zealand","c4925ee648daad4febd7ced8061e38c65129dea3","Ormiston Hospital",4.1,9,-36.9646002,174.9051143,"Auckland"
"90 Green Ln E, Remuera, Auckland 1051, New Zealand","16410b103060c1395bc94db386bf218f01296463","Ascot Hospital",3.7,3,-36.887462,174.800568,"Auckland"
"901 Great South Rd, Manukau, Auckland 2104, New Zealand","b46a6494a1d7209a5a35f9339822e36ff35d8680","Manukau Superclinic",4,67,-37.008278,174.888187,"Auckland"
"214 Green Ln W, Epsom, Auckland 1051, New Zealand","9d23ad6bd8ffcbc1cc4e5120dc26ccc99bee89f3","Cornwall Complex Greenlane Clinical Centre",0,0,-36.8957324,174.7789732,"Auckland"
"32 Claude Rd, Greenlane, Auckland 1051, New Zealand","d262a199b2f52611f72571fb4fb69b4e5af7f668","District Nursing Clinic - Building 17",5,2,-36.8955688,174.779118,"Auckland"
"86 Friesian Dr, Mangere, Auckland 2022, New Zealand","3a8308f88357844df79dd37065c1a25f1bfe796d","Hillcrest Hospital",0,0,-36.9728457,174.8050069,"Auckland"
"20 Lincoln Rd, Henderson, Auckland 0610, New Zealand","9f5ec9e53e130e16941f52fa4be8e593ef48ac5a","Carnarvon Private Hospital",4.8,4,-36.8726624,174.6277287,"Auckland"
"105 Hospital Rd, Middlemore Hospital, Auckland 2025, New Zealand","5c4aaeeeaf67f6e57bf7f01496377e4c81c37d49","Middlemore Hospital, Auckland",0,0,-36.9626274,174.8395218,"Auckland"
"12 Coronation St, Belmont, Auckland 0622, New Zealand","013a5c6d2acaf821034ad3a2541789924c94637c","Eversleigh Hospital",0,0,-36.8046186,174.7850703,"Auckland"
"260 Botany Rd, Golflands, Auckland 2013, New Zealand","267de8a4f25b16ef8047f6c46ad7d18a42bb7184","Botany SuperClinic™ PUBLIC HOSPITAL",1.7,7,-36.9221321,174.9136843,"Auckland"
"12 Umere Cres, Ellerslie, Auckland 1051, New Zealand","84be1eca4bc4cfe07b76ff0132a9dc3b388646d5","Mercy Parklands",3.8,4,-36.8911279,174.8155705,"Auckland"
"Level 9/2 Park Rd, Grafton, Auckland 1023, New Zealand","f285a5f3de495edea0bf99dc1975181c6c29b69d","Women's Assessment Unit",2.5,2,-36.8603767,174.7703561,"Auckland"
"19 Denver Ave, Henderson, Auckland 0612, New Zealand","9338884455aebc841406a9a8deffef5f29f2925a","Lexall Care",4.5,2,-36.8985368,174.6359967,"Auckland"
"90 Shaftesbury Ave, Point Chevalier, Auckland 1022, New Zealand","ceb75c79025b39e1a530b9f6d58d7d5f978c4191","Sarah selwyn",0,0,-36.8667,174.6987766,"Auckland"
"539a Mount Albert Rd, Three Kings, Auckland 1042, New Zealand","36f1bb65f7a41ef917f8d2620ac633dc8a66eb6a","Ranfurly Hospital",0,0,-36.9097054,174.7602924,"Auckland"
"Grafton, Auckland 1010, New Zealand","9d4bbd8526457bd906c62545875b8d850a228997","Fraser Mcdonald Unit",5,1,-36.8578954,174.7723365,"Auckland"
"100A Hospital Rd, Middlemore Hospital, Auckland 2025, New Zealand","73856427aad0a4fb2e6f8720c7c16301c871d935","Dialysis Unit",0,0,-36.9627513,174.841115,"Auckland"
"1050, 25 Armadale Rd, Remuera, Auckland 1050, New Zealand","d6df1acd8ed4caa6b3fc09f89d7046e8f43acd7d","Ascot Central",0,0,-36.8880407,174.7995545,"Auckland"
"52 Beach Rd, Te Atatu Peninsula, Auckland 0610, New Zealand","2d0ac84e3a2e6237d74915dbd1cd8cd5ebec8005","St Margaret's Hospital",3.7,3,-36.8360485,174.6573394,"Auckland"
"108 Ridge Rd, Howick, Auckland 2014, New Zealand","1efe4d8a6943613df51eb71e4add84231fbd0761","Howick Health & Medical Centre",4.4,10,-36.8955894,174.9229653,"Auckland"
"90 Green Ln E, Remuera, Auckland 1051, New Zealand","5582334c43825b84d5e9e4475917a0c707564be5","Ascot Angiography",0,0,-36.8876102,174.8006452,"Auckland"
"7 Youngs Rd, Papakura, 2110, New Zealand","5b4845eb1c0e5bfb5990aa6410ad8f19e42a0414","Papakura Private Hospital",3.8,5,-37.0563669,174.9341413,"Auckland"
"Hospital Rd, Te Atatu South, Auckland 0610, New Zealand","c63ea0083dc4f20b9a191d418b1ed86dcc3a1bb5","Genral outpatients Clinic, Level 6",0,0,-36.8662773,174.6422176,"Auckland"
"308 Lake Rd, Hauraki, Auckland 0622, New Zealand","15a0e52ca2d83fe6c8ceaea07905e33fc4aa6728","The Doctors Hauraki Corner",5,2,-36.7973362,174.7792814,"Auckland"
"Auckland CBD, Auckland 1141, New Zealand","969576568719f22de31b108ed0d7dae70ad9a2dc","St Genesis Care Hospital",0,0,-36.8484597,174.7633315,"Auckland"
"2 Riccarton Ave, Christchurch Central City, Christchurch 8011, New Zealand","f467be0c7f14587d37cef74b2b53863510cc9bb6","Christchurch Hospital",3.8,118,-43.534003,172.625825,"Christchurch"
"249 Papanui Rd, Strowan, Christchurch 8014, New Zealand","1967f7508eedd51be206eac401890988cead67f5","St George’s Hospital",4.6,41,-43.510477,172.6189679,"Christchurch"
"279 Ilam Rd, Burnside, Christchurch 8053, New Zealand","b57292515a0d98bddde836ee42ab55e2b93a5421","Laura Fergusson Trust Inc",4.7,7,-43.5102501,172.5818672,"Christchurch"
"131 Bealey Ave, Richmond, Christchurch 8013, New Zealand","86c8b08866c71f9fd24afa153442a8b91e583903","Southern Cross Hospital",4.6,19,-43.5205153,172.6347094,"Christchurch"
"Riccarton Rd, Riccarton, Christchurch 8041, New Zealand","8f699ddd17dea3ade0ee5bd94786a84b1ed415d8","christchurch hospital",0,0,-43.5304269,172.5918192,"Christchurch"
"Antigua St, Christchurch Central City, Christchurch 8011, New Zealand","8c65180e43fe26bb63b7d8c259ea74d41faf6f0f","Christchurch Outpatients Building",5,1,-43.5409947,172.6279226,"Christchurch"
"15 Mansfield Ave, Merivale, Christchurch 8014, New Zealand","98f02f1620bba541b2bb79a055d2708bff3aa5a8","Nurse Maude Hospital",0,0,-43.5110375,172.62259,"Christchurch"
"401 Madras St, Christchurch Central City, Christchurch 8013, New Zealand","ce0999035af31988312e1cb313f4a177a8426020","24 Hour Surgery",0,0,-43.5214739,172.6419089,"Christchurch"
"52 Browns Rd, St Albans, Christchurch 8014, New Zealand","142efa9e94cc4cf09fdf2ff0c43ebadfffe04670","Silverdale Hospital",0,0,-43.5088203,172.6254112,"Christchurch"
"284-300 Burwood Rd, Burwood, Christchurch 8083, New Zealand","b473b8522ffefdf8a539572101903f4b4dfe1bf8","Hospital",5,4,-43.4801241,172.6829497,"Christchurch"
"Middleton, Christchurch 8024, New Zealand","d027a366b5ff461423b35828d9f15e593dddb172","Te Whare Mauri Ora",0,0,-43.5469958,172.5895514,"Christchurch"
"50/68 Annex Rd, Middleton, Christchurch 8024, New Zealand","7c2bc3d866fadc666b3dcfc1bae8a438cbc14c56","CDHB Hillmorton M & E Building 7",0,0,-43.5482512,172.5904513,"Christchurch"
"PO Box 36-, 126/15 Mansfield Ave, Merivale, Christchurch, New Zealand","b2c2fe158a54756a5c576e058cdd7e5a11ba60ac","Hospice",0,0,-43.5112087,172.622354,"Christchurch"
"6/4 Riccarton Ave, Christchurch Central City, Christchurch 8011, New Zealand","0ca8b8eb9c8c27d16c51988ee1431e8943d9c551","Christchurch Hospital ASB Unit",0,0,-43.5340263,172.623194,"Christchurch"
"34 Averill St, Avonside, Christchurch 8013, New Zealand","a51096feddd29686b5db115b7addc4e3ea1eb421","Admatha Resthome",3.5,2,-43.5134614,172.6590701,"Christchurch"
"545 Manchester St, St Albans, Christchurch 8014, New Zealand","9d6f8cd399eeb39f78debb401d3dd940433d8945","Garden City Midwives",4,4,-43.5149345,172.6390527,"Christchurch"
"Waylon hospital and, child care. #221 Roswell Pl, Islington, Christchurch 8042, New Zealand","58e32c7ffe5ff105d377d15eb4e19734682bd3d3","Waylon general hospital and child care",0,0,-43.5439217,172.5103913,"Christchurch"
"Amyes Rd, Hornby, Christchurch 8042, New Zealand","ddb3a79927d00fa83ba488def2a656009d235f3e","My Doctoes",0,0,-43.548715,172.529203,"Christchurch"
"Unnamed Road, Burwood, Christchurch 8083, New Zealand","71247a539ce173a604fdb298fc364e94d49e12ca","Entrance 3, Burwood Hospital Physiotherapy",0,0,-43.482061,172.683257,"Christchurch"
"59 Division St, Riccarton, Christchurch 8041, New Zealand","621dd343f448cbe1ae329f5e89b8397dd32e6f94","Riccarton Medical Practice",3.1,31,-43.5329404,172.5988718,"Christchurch"
"Unnamed Road, Burwood, Christchurch 8083, New Zealand","7d187886e26bb6637c3bacd70428d3b7b35598ed","Entrance 4, Burwood Hospital",5,1,-43.4816328,172.6848792,"Christchurch"
"318 Riccarton Rd, Upper Riccarton, Christchurch 8041, New Zealand","ef4668601bc5733ada7da2514b4e818f890c7931","Upper Riccarton Medical Centre",4,10,-43.5313348,172.5778293,"Christchurch"
"8 Richill St, Belfast, Christchurch 8051, New Zealand","a2ea39519a327ab2430a9aa9054e34e619bd905d","Belfast Medical Centre",3.1,8,-43.4451879,172.6334148,"Christchurch"
"9/62 Riccarton Rd, Riccarton, Christchurch 8014, New Zealand","bb43aa5f087da351bec8b00a371528df92b0df33","High Street City Health",2.9,31,-43.5289709,172.6052069,"Christchurch"
"Riddiford St, Newtown, Wellington 6021, New Zealand","84615eaa8d5b9d66321b24b0c6e3209d025a3209","Wellington Regional Hospital",3.8,101,-41.3082838,174.77937,"Wellington"
"98 Churchill Dr, Crofton Downs, Wellington 6035, New Zealand","72fdb020f17fe61e02a392af6cd31d2b6d581ad0","Bowen Hospital",4.7,17,-41.2593806,174.7670391,"Wellington"
"23 Mein St, Newtown, Wellington 6021, New Zealand","885efc42fe62162d33437ecd970aed0b5fa9d478","Wellington Hospital, New Zealand",3.5,16,-41.3091157,174.7808586,"Wellington"
"69 Riddiford St, Newtown, Wellington 6021, New Zealand","bf24235ba24ab8dad3e2d544145c5d4265f24a17","Wellington Emergency Department",2,14,-41.3100057,174.7794783,"Wellington"
"16 Hospital Dr, Porirua 5022, New Zealand","10aa272a52c3a686f8fe1487cd38332333313cd5","Kenepuru Community Hospital",3.9,31,-41.1466674,174.8342452,"Wellington"
"99 Rintoul St, Newtown, Wellington 6021, New Zealand","928fb2b38b2baf211dd3d206f3bea6f1042385a5","Wakefield Heart Centre",0,0,-41.3167504,174.7781289,"Wellington"
"39 Riddiford St, Newtown, Wellington 6021, New Zealand","9b364835d2d1442f310e87f88a51827e82a4f812","Nga Puna Waiora",0,0,-41.3086328,174.7791425,"Wellington"
"Hospital Rd, Newtown, Wellington 6021, New Zealand","3a371f0d22fa16a8f219554407e38e4b6227da9d","Grace Neill Block",2,1,-41.3082651,174.7806928,"Wellington"
"51 Helston Rd, Paparangi, Wellington 6037, New Zealand","bab36c554cec491b68281e3a66ba039ecb662713","Cashmere Hospital",0,0,-41.2202089,174.8117814,"Wellington"
"23 Mein St, Newtown, Wellington 6021, New Zealand","b12871d62bf475037d6ce6462bf6e6fb4aaaa557","Children's Hospital at Wellington Regional Hospital",2,1,-41.3089348,174.7803519,"Wellington"
"Nursing Development Unit Level L Ward Support Block Hospital, Newtown, Wellington, New Zealand","6a90011df02e52aab9023288048e4ed7bb6d0604","Wellington Hospital - Nurse Development",1,1,-41.309341,174.780904,"Wellington"
"46 Park Rd, Miramar, Wellington 6022, New Zealand","75708ab0a44ea5b93c61ee884ca86e1fd3905be4","Miramar Medical Centre",3.6,15,-41.3141582,174.8182807,"Wellington"
"99 Rintoul St, Newtown, Wellington 6022, New Zealand","ab78f8d3ffcf5a248ef2b6bea0c2dc8ac5ff41e6","Vicki Robinson",0,0,-41.3170256,174.7786216,"Wellington"
"2B Coromandel St, Newtown, Wellington 6021, New Zealand","d0940fbf9324dadb21949ff0458df444d30ef5b5","Ewart Hospital Child Development Clinic",0,0,-41.3083231,174.7854719,"Wellington"
"98 Churchill Dr, Crofton Downs, Wellington 6035, New Zealand","2ccea846647ec67d59592b7ba1200fd0c34a64f6","The Breast Centre",0,0,-41.2597519,174.7666052,"Wellington"
"60 Weka St, Miramar, Wellington 6022, New Zealand","84333d2dc01a34320a62b2b273ac63c55283e105","Te Karaka Residence For The Elderly & Hospital",0,0,-41.3039523,174.824976,"Wellington"
"130-134 Britomart St, Berhampore, Wellington 6023, New Zealand","c7d1140299476b7322739b9687b7c8ad1bc5e8b7","Elizabeth Memorial Hospital",0,0,-41.3202183,174.7715479,"Wellington"
"CSB Building, Wellington Hospital Riddiford St, Newtown, Wellington 6021, New Zealand","be624f5d209bdf65707c1409e07e1e94367aabc4","Medical Research Institute of New Zealand",0,0,-41.3097143,174.7803782,"Wellington"
"Bowen Centre, level b2/98 Churchill Dr, Crofton Downs, Wellington 6035, New Zealand","4a15e1415fcf627790495e01d61c15b4ede1e3b0","Bowen Specialist Medical Centre",4.8,4,-41.2586799,174.767064,"Wellington"
"125 Moorefield Rd, Johnsonville, Wellington 6037, New Zealand","1c65794dd52d6ef084356092f9d425d709d1ae9b","Onslow Medical Centre",4.4,10,-41.2293706,174.8007202,"Wellington"
"1 Upland Rd, Kelburn, Wellington 6012, New Zealand","c9805c3dc3953bf03955508dcf1abb56988e8052","Kelburn Northland",4.7,14,-41.2857785,174.767656,"Wellington"
"666 High St, Lower Hutt 5011, New Zealand","a54933f3aa3a233edf9eb31a0c1a846ae602966d","Boulcott Hospital & Specialist Centre",4.3,15,-41.2037128,174.9266294,"Wellington"
"1 Bridge St, Melling, Lower Hutt 5010, New Zealand","239fb527aa5b86435f23898a389861039afad19b","Hutt hospital",0,0,-41.2100213,174.8937257,"Wellington"
"638 High St, Lower Hutt 5010, New Zealand","72052c3ec33af92d0aef7e2be79bd3ce90a9078e","Hutt Hospital",3.6,59,-41.2044069,174.924764,"Wellington"
"Molesworth House 101 Molesworth St, Thorndon, Wellington 6011, New Zealand","9df97238095d5501640c5cf73763ceb31b8fe6ec","Thorndon Medical Centre",3,8,-41.2741348,174.7777041,"Wellington"
"19 Riddiford St, Newtown, Wellington 6021, New Zealand","b63a4feee91b642b3b6f42f6ccccf1421372d996","The Circumcision Clinic",0,0,-41.3077181,174.7782773,"Wellington"
"104A Wadestown Road, 104 Wadestown Rd, Wadestown, Wellington 6012, New Zealand","e7c8aaf28262f9d1f5b6dca062789000b650f0e8","Wadestown Medical Practice",5,4,-41.2618656,174.7742361,"Wellington"
"42 Mein St, Newtown, Wellington 6021, New Zealand","230868082fe466a31053366b27759b05121c26d6","Wellington Artificial Limb Centre",4.5,4,-41.310601,174.782182,"Wellington"
"45 Rugby St, Mount Cook, Wellington 6021, New Zealand","4b01a58204901a794cf271349509e62f3cd12012","Ora Toa Poneke Medical Centre",4.6,9,-41.3011256,174.7792957,"Wellington"
"90 Hanson St, Newtown, Wellington 6023, New Zealand","b1621507dd4dc37916725bef9f9305ec1b7bc950","Wellington Specialist Vein Clinic",3,1,-41.3094761,174.7755094,"Wellington"
"325 Willis St, Te Aro, Wellington 6011, New Zealand","dd6765555fc8061d629216128e6844dddcbc1f85","Specialist Vein Health",5,1,-41.2958631,174.771187,"Wellington"
"38 Onepu Rd, Kilbirnie, Wellington 6022, New Zealand","03a2231d96fe9b9d389b6c499025175e4cb8d22b","Kilbirnie Central Surgery",3.4,10,-41.3197882,174.7955415,"Wellington"
"412 Broadway, Miramar, Wellington 6022, New Zealand","9622912abf5a32df52e9d5ea0df0e5ba27bb7321","Broadway Health Clinic",5,1,-41.325373,174.8137227,"Wellington"
"183 Pembroke St, Waikato Hospital, Hamilton 3204, New Zealand","07dcdbfd64b50b446dd4efccedc2d222d5053b6c","Delivery Suite Waikato Hospital",0,0,-37.8038738,175.2812601,"Hamilton"
"Selwyn St, Waikato Hospital, Hamilton 3204, New Zealand","4dce1dcca20f4a1f05b06f41f859ddcbe7d0ca49","Elizabeth Rothwell Building",4.5,4,-37.8037149,175.2815535,"Hamilton"
"4282480, Waikato Hospital, Hamilton 3204, New Zealand","6dcb8c2921c9237b177b361b147b9e56c2b5e205","Lomas Building",0,0,-37.804414,175.2836432,"Hamilton"
"960 Victoria St, Whitiora, Hamilton 3200, New Zealand","05f6ea2e3849cfd931fbcf787ca674d3f07fb124","Tui Medical Central",4.2,5,-37.7793877,175.2762593,"Hamilton"
"14 Thackeray St, Hamilton Lake, Hamilton 3204, New Zealand","4b5f3beaee72ed2fddf99acc25b0ce40d9ca41ed","Waikato Hospital",0,0,-37.792716,175.2806224,"Hamilton"
"4282480, Waikato Hospital, Hamilton 3204, New Zealand","89e9419d482448d6b24f8b5e853890e109b2136c","Waikato Medical Hospital",4,1,-37.8056374,175.2819625,"Hamilton"
"Waikato Hospital, Hamilton 3204, New Zealand","a7766ae77ba1376fe09a5bf34f897fa5a4baa381","DHB Hamilton",5,1,-37.8050837,175.2820906,"Hamilton"
"6 Avalon Dr, Nawton, Hamilton 3200, New Zealand","f31f737701fb3f4c60b08b911406e04e850dc728","Avalon Medical",3.2,39,-37.779788,175.2491294,"Hamilton"
"41 Whatawhata Rd, Dinsdale, Hamilton 3204, New Zealand","ea01d76a27e109745a50be6ebf22214a719105bb","Te Rengarenga Medical Center",2.3,26,-37.7956696,175.2457484,"Hamilton"
"David St, Westown, New Plymouth 4310, New Zealand","0e01c7861c75259f66134cc28f0c1117c0660011","Taranaki Base Hospital",2.7,34,-39.0727293,174.0562573,"New Plymouth"
"4310/205 St Aubyn St, New Plymouth 4310, New Zealand","4f1c7bf6f5bf91af6aaf75cd72fa762280ffaf1c","Southern Cross Hospital New Plymouth",5,2,-39.0584397,174.0633983,"New Plymouth"
"33 Mangorei Rd, Strandon, New Plymouth 4312, New Zealand","06eac6534bedb6b66e213b697cc3e8947ff4fd9c","Omahanui Private Hospital",0,0,-39.0544279,174.0949494,"New Plymouth"
"18 Peace Ave, Moturoa, New Plymouth 4310, New Zealand","8f471253e560a1ce576998602ac851e90b4a2aa9","Omahanui Special Care Unit",5,1,-39.0642657,174.0403606,"New Plymouth"
"Maunu Rd, Private Bag 9742, Whangarei 0148, New Zealand","1cb5f25213c0a48c603fbb960e80784488f5bd61","Whangarei Hospital",3.8,31,-35.7350239,174.3031393,"Whangarei"
"0110, Horahora, Whangarei, New Zealand","1cd9f15cdfe648e7021a2d687095c8a6bed34715","Child Health Centre -Whangarei Hospital",0,0,-35.7363354,174.3048592,"Whangarei"
"123 Maunu Rd, Woodhill, Whangarei 0110, New Zealand","d4658ae5436566818f6fd4edfabe85200d9c82e3","Mauri Ora Breast Screen Centre",5,2,-35.7345888,174.3048484,"Whangarei"
"12 Kensington Ave, Kensington, Whangarei 0112, New Zealand","aabbc0b1a38077985b512f10ab548b0d07c17567","Kensington Hospital",4.7,3,-35.7085728,174.3197042,"Whangarei"
"11 Kensington Ave, Kensington, Whangarei 0112, New Zealand","0b188089de53c3871a4f2ad259b31d8f45d00bea","TRG Imaging Whangarei",2.8,9,-35.709012,174.3200311,"Whangarei"
"34/48 Reyburn St, Whangarei, 0140, New Zealand","a01bc719253b5b3f646c7be79efa3fa20740fe78","TRG Imaging Reyburn St",0,0,-35.7265066,174.3264086,"Whangarei"
"15 Rust Ave, Whangarei, 0110, New Zealand","94fccd7eccfaa43bfaae53081ecc91dd4e26d70a","Dr A Whitton",5,1,-35.7231149,174.3170642,"Whangarei"
"157 Kiripaka Rd, Tikipunga, Whangarei 0112, New Zealand","bd79ca7ab60d54f1ac2e320d9c1626ef26208762","Te Whareora O Tikipunga",3.7,3,-35.687334,174.326506,"Whangarei"
"15 Kensington Ave, Kensington, Whangarei 0112, New Zealand","a3540c09241dd15af23324db368db872f4ea25e4","Orthopaedic Centre",0,0,-35.709137,174.319235,"Whangarei"
"Entrance off or Tipahi St, Nelson South, Nelson 7010, Franklyn St, Nelson South, Nelson 7010, New Zealand","eda07dcb0b14f16f8c02b0769feb5dfcdce91ff0","Nelson Hospital",4.5,22,-41.2870439,173.272263,"Nelson"
"Tipahi St, Nelson South, Nelson 7010, New Zealand","6ead5778ca20a408f76791381e3080550aaff72e","Nelson Marlborough Health",0,0,-41.287452,173.2704772,"Nelson"
"36 Manuka St, Nelson, Nelson East 7010, New Zealand","47e42eaf525a4561ff904b337c1c84b9fd7fa152","Manuka Street Hospital",4.7,3,-41.2787532,173.2905898,"Nelson"
"Nelson South, Nelson 7010, New Zealand","2093dc54a051f9eea50f4d1163c61b6f289d48e9","NMDHB Seminar Centre",0,0,-41.2877069,173.2741785,"Nelson"
"470 Main Rd, Stoke, Nelson 7011, New Zealand","355777f45a17048bbf28cf70e0dab97ae38eaa29","Stoke Medical Centre",3.1,15,-41.3106121,173.2358401,"Nelson"
"98 Waimea Rd, Nelson South, Nelson 7010, New Zealand","df43422b8aa37f7982def92f872525469b0a23b0","Medical and Injury Centre",2.3,19,-41.2869557,173.2737342,"Nelson"
"23 Tahunanui Dr, Tahunanui, Nelson 7011, New Zealand","af9a519c077485d5a17b034879f56e3fc14d2c8a","Tahunanui Medical Centre",4.8,4,-41.2815902,173.2495921,"Nelson"
"10 Natalie St, Toi Toi, Nelson 7010, New Zealand","dfac954277e9fbfcc1f1bd51bf033fffa5955c23","Toi Toi MEDICAL",3.7,3,-41.2750182,173.276034,"Nelson"
"Gilbert St, Richmond 7020, New Zealand","b37d9aaa6563706519b37184dea9ca991e168563","Alexandra Hospital",0,0,-41.340953,173.1996577,"Nelson"
"Nelson Hospital Collection Centre, Level 3, Nelson Hospital, Tipahi Street, Nelson 7010, New Zealand","419decf4bb927ace2d03764cc2ba1950ef1358e6","Medlab South",1,2,-41.2875504,173.2701921,"Nelson"
"40A Oxford St, Richmond 7020, New Zealand","9aee1b19f32f4af5c67ee66ba3daf60f9333a214","Richmond Health Centre",3.7,3,-41.3407231,173.1843688,"Nelson"
"132 Collingwood St, Nelson, 7010, New Zealand","5779fdb75c5b2c04f2b39a8e7e7d27ab1bc9c1e0","Rutherford Healthcare",0,0,-41.2749507,173.2864163,"Nelson"
"207 Bridge St, Nelson, 7010, New Zealand","9a5fbfa206a0fa28156fef2bfda53cef8135bbd1","Skin Centre Nelson",0,0,-41.2726138,173.2901065,"Nelson"
"Public Health/Hospital Services 104 Vanguard St, Nelson South, Nelson 7010, New Zealand","e7d0a408623836e667d900601173bb7e56d43f9a","Sleep Well Clinic",0,0,-41.277315,173.2755311,"Nelson"
"1181 Amohia St, Rotorua 3010, New Zealand","dc39d91eb6b7d18d72113b54006933ab1e58ccb5","Central Health",4,6,-38.1355099,176.2483679,"Rotorua"
"59 Ranolf St, Victoria, Rotorua 3215, New Zealand","afcb28af6f3ac6ccf89b429e8ff3e4c52e9ff96b","Ranolf Medical Centre",3.9,15,-38.1412563,176.2465092,"Rotorua"
"1178 Pukaki St, Rotorua 3010, New Zealand","b5e2229a206390d486c990940320db40d3cdd541","Beddim Hospital",5,1,-38.1342272,176.2509796,"Rotorua"
"Pukeroa St, Rotorua 3010, New Zealand","4e0393beb3af488fef7e442ee23667e51e34c05d","Rotorua Hospital",0,0,-38.1345292,176.2481118,"Rotorua"
"15B Robinson Ave, Holdens Bay, Rotorua 3010, New Zealand","4c2819bc0f4270a6e59f696d53d2ce11d8de57f0","Red Cross Rotorua",0,0,-38.1227681,176.3073962,"Rotorua"
"1165 Tutanekai St, Rotorua 3010, New Zealand","9114c5415804e4201ee375019193beed4ffde5fb","Lakes PrimeCare Accident & Urgent Medical Care Centre",3.8,23,-38.1353716,176.251359,"Rotorua"
"1203 Haupapa St, Rotorua 3010, New Zealand","c02753e9531a4d2798b926d9474418b1e5e3ef4a","TRG Imaging Rotorua",4.5,2,-38.1357456,176.2503452,"Rotorua"
"8 Victoria St, Victoria, Rotorua 3010, New Zealand","09fc0f3ce775911a42ad0e6a9007bc70aa22a763","Lakeview Clinic",4.7,18,-38.1425439,176.2527745,"Rotorua"
"5 Tarawera Rd, Te Ngae, Rotorua 3010, New Zealand","8ea9bb7399781f9446e793b86d9510faa8a15a9f","Te Ngae Medical Centre",4.4,5,-38.1486247,176.2769249,"Rotorua"
"10/100 Fairy Springs Rd, Fairy Springs, Rotorua 3015, New Zealand","c790fe1485a39692e0177c511015de0d7a567f8d","Fairy Springs Medical Centre",3.5,6,-38.1155362,176.2258556,"Rotorua"
"1165 Tutanekai St, Rotorua 3010, New Zealand","c7509e8ac53560d892302fb735e7521cc43b16ed","TRG Imaging Lakes Care Medical Centre",4.4,5,-38.1352156,176.2513635,"Rotorua"
"1 Brookland Rd, Western Heights, Rotorua 3015, New Zealand","f99586e1bd223572b7ce689cc2006c971195dad1","Western Heights Health Centre",4,9,-38.1287908,176.2199442,"Rotorua"
"227 Old Taupo Rd, Hillcrest, Rotorua 3015, New Zealand","b12c9153d4d849a6951645f93aa3faf995f08f3a","Westend Medical",3,2,-38.1452826,176.2375419,"Rotorua"
"1325A Eruera St, Rotorua 3010, New Zealand","6635c31379f3ed3fc13f16485df7fefa630bf6e2","Eruera Medical Centre",3.5,2,-38.1386136,176.2461882,"Rotorua"
"The yellow building: 553 Te Ngae Road, Owhata, Rotorua 3010. Enter car-park from, Coulter Rd, Owhata, Rotorua 3010, New Zealand","ed672b6960e6f9610f1633149df8cef1b748c3e6","Tiaho Medical Centre and Owhata Pharmacy",4.3,6,-38.1296298,176.3024154,"Rotorua"
"829 Cameron Rd, Tauranga South, Tauranga 3112, New Zealand","ce156593a41461857c6a0eabe1b5ae26df620373","Tauranga Hospital",3.7,63,-37.7079139,176.1479153,"Tauranga"
"281 Cheyne Rd, Tauranga 3112, New Zealand","ca0af809b0fdb391a49de875ebb5bfa909b4cf3f","Grace Hospital",4.8,23,-37.7425893,176.1357289,"Tauranga"
"848 Cameron Rd, Tauranga South, Tauranga 3112, New Zealand","c58acd90149df9972be7bc91f0105b03c3e9a1d1","Clinical Trials Unit",0,0,-37.7084185,176.1492185,"Tauranga"
"398 Omahu Rd, Camberley, Hastings 4120, New Zealand","d99f3c50f14856302510a82a26c75d4265b8a7b0","Hawke's Bay Hospital",4.3,42,-39.6275238,176.8248845,"Napier-Hastings"
"407 Gascoigne St, Raureka, Hastings 4120, New Zealand","c414e748bbb2024a7a341504f94aaaccf30d6a3c","Gascoigne Medical Centre (The Doctors Gascoigne)",5,1,-39.6458794,176.8294967,"Napier-Hastings"
"325 Prospect Rd, Hastings, 4122, New Zealand","7c354584f251052e877d9bf55db15d4095eb4f1c","TRG Imaging Royston Hospital",5,1,-39.641297,176.8343267,"Napier-Hastings"
"Omahu Rd, Frimley, Hastings 4120, New Zealand","2f7c3fafd54e46c9e3f0096796d97937599efc25","Bedside Manners-The Shop in the Hospital",0,0,-39.6279509,176.8252879,"Napier-Hastings"
"26 Middle Rd, Havelock North 4130, New Zealand","1ae0df62820e6d2f7c718932616ae45575cc72c7","Havelock North Health Centre",2.6,5,-39.6719211,176.8749784,"Napier-Hastings"
"500 Southland Rd, Raureka, Hastings 4122, New Zealand","cb95952b842165c754371af281ac233b96cd3f83","Royston Hospital",4.2,13,-39.6409498,176.8345158,"Napier-Hastings"
"201 Pakowhai Rd, St Leonards, Hastings 4120, New Zealand","c24440560bdd544c316db07b5442e16ec9bf5b59","Stortford Medical Centre",0,0,-39.629416,176.8318972,"Napier-Hastings"
"Gloucester St, Taradale, Napier 4112, New Zealand","324a17d3d912709ac9e3d0578f962f4be18e124f","EIT Health Centre",3.3,3,-39.5473111,176.8392598,"Napier-Hastings"
"303 St Aubyn St W, Hastings, 4122, New Zealand","8db00158724bac2941a6c4b5d0a6c3cbcfcfe4bb","TRG Imaging Hastings Health Centre",0,0,-39.6374145,176.8445166,"Napier-Hastings"
"13 Swansea Rd, Flaxmere, Hastings 4120, New Zealand","5c3f6a3eac5c94f7bd7c496b42616d18ff8d3be4","Choices Flaxmere",0,0,-39.6243847,176.7876297,"Napier-Hastings"
"20-24 Puketapu Rd, Taradale, Napier 4112, New Zealand","e2a436a63e4d66039ee739e74a98d0a93218ef03","Taradale Medical Centre",3.6,23,-39.5374164,176.8458747,"Napier-Hastings"
"Appmed House, 811 Heretaunga St E, Parkvale, Hastings 4122, New Zealand","c7d42fbe61ef2c512c6b89c987997005cb3b1725","0800 VEIN DR",0,0,-39.649393,176.850821,"Napier-Hastings"
"524 Kennedy Rd, Greenmeadows, Napier 4110, New Zealand","44619927a7f469d9e8be066c83c82ab096432150","The Doctors Greenmeadows",3.1,16,-39.5230168,176.868606,"Napier-Hastings"
"18/20 Durham Ave, Tamatea, Napier 4112, New Zealand","bf1bacbe3594f8842cb532bac4757387a2ba7ebe","Tamatea Medical Centre",4.7,6,-39.5080936,176.8681644,"Napier-Hastings"
"201 Great King St, Dunedin, 9016, New Zealand","9f103fd47a81c8e2c018b23745cdc4ffd56df84e","Dunedin Hospital",3.5,61,-45.8692714,170.5088471,"Dunedin"
"72 Newington Ave, Maori Hill, Dunedin 9010, New Zealand","a32f310ede9024c2a8ec1ad9062b01ee707fa3f4","Mercy Hospital Dunedin Ltd",4.6,13,-45.861128,170.49917,"Dunedin"
"369 Taieri Rd, Halfway Bush, Dunedin 9010, New Zealand","30d8f161ffd9eeee28eb8212ed1690930e35dda5","Wakari Hospital",3.6,15,-45.8591618,170.4728205,"Dunedin"
"28 Montpellier St, Dunedin, 9016, New Zealand","e6adbbd9b2a3c60333d63508ed504c92fefe70ad","Glamis Private Hospital",0,0,-45.8808833,170.4866612,"Dunedin"
"72 Newington Ave, Maori Hill, Dunedin 9010, New Zealand","c987c546659477dae6d13ab7ceba5a307120e14e","Manaaki by Mercy",0,0,-45.8616424,170.4990095,"Dunedin"
"27 Amesbury St, Palmerston North, 4410, New Zealand","0ef373040832a8af1e012904dcf41c266c4f9d96","Breastscreen Aotearoa",5,1,-40.3514294,175.6158895,"Palmerston North"
"Kew Rd, Kew, Invercargill 9812, New Zealand","c0bbf75afe15e9b3397f32a31f43c9cd69c95836","Southland Hospital",3.4,46,-46.4375323,168.3586027,"Invercargill"
"215 Centre St, Newfield, Invercargill 9812, New Zealand","761a92da9ffdb28674456b9f337e84ddc938aaf1","Calvary Hospital Southland",4.9,14,-46.4243363,168.3841037,"Invercargill"
"97 Gala St, Queens Park, Invercargill 9810, New Zealand","3a5ac0dd2651282d4766833e0c9585db01278029","Queens Park Medical Centre",3.2,6,-46.40651,168.3529609,"Invercargill"
"485 Elles Rd, Kew, Invercargill 9812, New Zealand","86f7e98f361021edcbf8adc3cc38ee83931f3f04","Elm Court",5,1,-46.4386427,168.3601987,"Invercargill"
"3265090, Kew, Invercargill 9812, New Zealand","a435eba577db9178cc75df6ae7f684c08416354f","Southland Hospice",0,0,-46.4396741,168.3562983,"Invercargill"
"Invercargill, 9810, New Zealand","23d187fc30432321fa6eefadb9a91fb6e100e970","Port Invercargill Airport",0,0,-46.4072963,168.3536769,"Invercargill"
"105 Don St, Invercargill, 9810, New Zealand","075f2b5a1c5184fa2842b84c87cd1074d6b730f2","Invercargill After Hours Doctors",2,7,-46.4109217,168.3546046,"Invercargill"
"160 Don St, Invercargill, 9810, New Zealand","d591199cdd8ef466537d5f6a53de67a73b09a983","Invercargill Medical Centre",3.9,8,-46.410545,168.3584629,"Invercargill"
"100 Heads Rd, Gonville, Whanganui 4501, New Zealand","d0a3d2c163a4dce9462ebece099c94be021f2c87","Whanganui Hospital",3.9,87,-39.943176,175.0378075,"Whanganui"
"5 Campbell St, Wanganui Central, Whanganui 4500, New Zealand","6b301f8901e09ea9bea9983ad6138b125c1a0914","Belverdale Private Surgical Hospital",0,0,-39.9295983,175.0502566,"Whanganui"
"2 Virginia Rd, St Johns Hill, Whanganui 4500, New Zealand","e870d5e9e48f9ea0bca2d13e61422431d473ff69","St Johns Hill Healthcare",0,0,-39.9110142,175.0421615,"Whanganui"
"57 Campbell St, Whanganui, 4500, New Zealand","1ebecd830a5ca2d8e8561d659c8fcdea588b79a8","Te Oranganui Medical Centre Te Waipuna",5,1,-39.9258447,175.0444091,"Whanganui"
"197 Wicksteed St, Whanganui, 4500, New Zealand","256865ef769c53ecdf95f19957308c4db568e99f","Impilo Family Pratice",4,4,-39.929769,175.0487699,"Whanganui"
"Heads Rd, Castlecliff, Whanganui 4501, New Zealand","634e8f27608ee5d1d0087fb566f0d4204b781a46","Medlab - Wanganui Hospital",1,1,-39.9437835,175.0384208,"Whanganui"
"12 Rangiora St, Castlecliff, Whanganui 4501, New Zealand","196cc360fdb66d4c4c8860660899e7b0eaef527d","AED Castlecliff",5,1,-39.9374529,174.9798848,"Whanganui"
"Wanganui Hospital 100 Heads Rd, Gonville, Whanganui 4500, New Zealand","ac863b4d3424f95bef4fe024a1cf8bfc6e75c03a","WAM",2.1,16,-39.9429511,175.0380608,"Whanganui"
"5 Rakau Road, Castlecliff, Whanganui 4501, New Zealand","2d35edac1e19ac5d53a1ff5cd866f6cb3e3b0121","Castlecliff Health",0,0,-39.9303234,174.9946835,"Whanganui"
"345 Wicksteed St, Whanganui, 4500, New Zealand","212551c1c18447a844a3b8dd6d586d3acacbb840","St. John's Medical Centre",3.8,5,-39.924765,175.040445,"Whanganui"
"5 Campbell St, Whanganui, 4500, New Zealand","8cf2ceffea6e520c654927e08361b524143fde31","Belverdale Hospital Ltd",0,0,-39.9296086,175.0502618,"Whanganui"
"421 Ormond Rd, Riverdale, Gisborne 4010, New Zealand","838694f42a4e7ba6f8f807fbb8d565db38477f13","Gisborne Hospital",3.3,20,-38.638008,178.005118,"Gisborne"
"189 Cobden St, Gisborne, 4010, New Zealand","27092798fe58ea494a5866bf5e815ecacbe60f9f","Chelsea Hospital: Dr Peter Stiven",0,0,-38.664786,178.018162,"Gisborne"
"3 Desmond Rd, Te Hapara, Gisborne 4010, New Zealand","4bc8bc453b59f7f5ce61fa3c22d9a8c665554f1a","The Doctors Te Whare Hapara",2,10,-38.6557824,178.0077216,"Gisborne"
"351 Palmerston Rd, Gisborne, 4010, New Zealand","7b22c657cfabec69c465141817d9a2e7729565bb","tahanga",0,0,-38.6600194,178.0203295,"Gisborne"
"134 Derby St, Gisborne, 4010, New Zealand","1003be8b5e2fd9cffc02b7c5c665be4f317db8a1","City Medical",4.6,9,-38.6646209,178.0226577,"Gisborne"
"75 Customhouse St, Gisborne, 4010, New Zealand","765f31c7b663c1b6f1cf721846d1f58c57b3c0d9","TRG Imaging Three Rivers Medical Centre",0,0,-38.669989,178.025246,"Gisborne"
"421 Ormond Rd, Riverdale, Gisborne 4010, New Zealand","cfda70173ce49cb8970a1dca27ee0aace91ce4f9","Hauora Tairawhiti | Gisborne Hospital",4.3,61,-38.6381219,178.0039033,"Gisborne"
"Gisborne, 4010, New Zealand","641ee6df1963fbd2d7b2659686c16d32d242c9fd","Kaiti Mall Medical Centre",3.5,4,-38.675744,178.0460412,"Gisborne"
"421 Ormond Rd, Riverdale, Gisborne 4010, New Zealand","9fc80a6cd75f085bb105366c3f26fbc690fc3c1d","Medlab - Gisborne Collection Centre",0,0,-38.6381219,178.0039033,"Gisborne"
